,IG Username
0,cristiano
1,leomessi
2,taylorswift
3,selenagomez
4,arianagrande
5,kendalljenner
6,kyliejenner
7,zendaya
8,billieeilish
9,neymarjr
10,justinbieber
11,kimkardashian
12,jennierubyjane
13,beyonce
14,virat.kohli
15,badgalriri
16,iamcardib
17,k.mbappe
18,sooyaaa__
19,champagnepapi
20,tomholland2013
21,badbunnypr
22,karolg
23,shraddhakapoor
24,kourtneykardash
25,bts.bighitofficial
26,instagram
27,narendramodi
28,theweeknd
29,milliebobbybrown
30,nickiminaj
31,aliaabhatt
32,vinijr
33,judebellingham
34,anushkasharma
35,shawnmendes
36,oliviarodrigo
37,blakelively
38,rohitsharma45
39,haileybieber
40,travisscott
41,gigihadid
42,deepikapadukone
43,jennaortega
44,khaby00
45,jlo
46,dualipa
47,virginia
48,realmadrid
49,yong.lixx
50,cristiano
51,leomessi
52,taylorswift
53,selenagomez
54,arianagrande
55,kendalljenner
56,kyliejenner
57,zendaya
58,billieeilish
59,neymarjr
60,justinbieber
61,kimkardashian
62,jennierubyjane
63,beyonce
64,virat.kohli
65,badgalriri
66,iamcardib
67,k.mbappe
68,sooyaaa__
69,champagnepapi
70,tomholland2013
71,badbunnypr
72,karolg
73,shraddhakapoor
74,kourtneykardash
75,bts.bighitofficial
76,instagram
77,narendramodi
78,theweeknd
79,milliebobbybrown
80,nickiminaj
81,aliaabhatt
82,vinijr
83,judebellingham
84,anushkasharma
85,shawnmendes
86,oliviarodrigo
87,blakelively
88,rohitsharma45
89,haileybieber
90,travisscott
91,gigihadid
92,deepikapadukone
93,jennaortega
94,khaby00
95,jlo
96,dualipa
97,virginia
98,realmadrid
99,yong.lixx
100,ddlovato
101,whinderssonnunes
102,mrbeast
103,rashmika_mandanna
104,sabrinacarpenter
105,sadiesink_
106,therock
107,dlwlrma
108,jasonstatham
109,paulpogba
110,alluarjunonline
111,beingsalmankhan
112,antonelaroccuzzo
113,emmawatson
114,iamsrk
115,shakira
116,nasa
117,hynjinnnn
118,jacquelienefernandez
119,zayn
120,vindiesel
121,katrinakaif
122,blackpinkofficial
123,katyperry
124,nicki.nicole
125,camila_cabello
126,lewishamilton
127,anuel
128,bn_sj2013
129,rosalia.vt
130,lelepons
131,sydney_sweeney
132,yawnzzn
133,21savage
134,realstraykids
135,chrisbrownofficial
136,luisitocomunica
137,sza
138,jacksonwang852g7
139,kendricklamar
140,tyga
141,fcbarcelona
142,madisonbeer
143,jenniferaniston
144,ladygaga
145,hardikpandya93
146,katarinabluu
147,bizarrap
148,anitta
149,kritisanon
150,luisitocomunica
151,page.soobin
152,kritisanon
153,kevindebruyne
154,actorvijay
155,baekhyunee_exo
156,ladygaga
157,iansomerhalder
158,nike
159,jannatzubair29
160,luvadepedreiro
161,lilbaby
162,phs1116
163,annehathaway
164,carlinhos
165,madelyncline
166,enhypen
167,aurelie.hermansyah
168,dojacat
169,imhyoseop
170,cbum
171,lucas_xx444
172,johnnydepp
173,jamesrodriguez10
174,garethbale11
175,na.jaemin0813
176,charlidamelio
177,m10_official
178,centralcee
179,onyourm__ark
180,marimaria
181,tinistoessel
182,theestallion
183,raffinagita1717
184,433
185,amauryguichon
186,for_everyoung10
187,lanarhoades
188,cznburak
189,rodrygogoes
190,akshaykumar
191,twicetagram
192,maluma
193,future
194,lilireinhart
195,kingjames
196,honeymoon
197,fabriziorom
198,iamzlatanibrahimovic
199,addisonraee
200,brunamarquezine
201,alwaysramcharan
202,rauwalejandro
203,nehakakkar
204,postmalone
205,gnabnahc
206,vanessahudgens
207,emrata
208,henrycavill
209,jumpman23
210,iambeckyg
211,natanael_cano
212,jenna_chew
213,xxxibgdrgn
214,kaicenat
215,erling.haaland
216,jenaissante
217,teddysphotos
218,varundvn
219,daddyyankee
220,stephencurry30
221,chiaraferragni
222,momo
223,39saku_chan
224,miakhalifa
225,thinkaboutzu
226,strangerthingstv
227,charles_leclerc
228,_zyozyo
229,kyo1122
230,vladimirshmondenko
231,asaprocky
232,niallhoran
233,chaeyo.0
234,nayeonyny
235,ranveersingh
236,juandediospantoja
237,mariamgrigoryanofficial
238,m.by__sana
239,fedevalverde
240,trippieredd
241,mcdaniell
242,lildurk
243,davidbeckham
244,thenotoriousmma
245,marquesebigkesegreen
246,parineetichopra
247,canelo
248,loganpaul
249,skuukzky
250,skuukzky
251,thenotoriousmma
252,anllela_sagra
253,canelo
254,diljitdosanjh
255,_rl9
256,lilyjcollins
257,shehnaazgill
258,jeonghaniyoo_n
259,madelame
260,samantharuthprabhuoffl
261,leejen_o_423
262,kiaraaliaadvani
263,sound_of_coups
264,miniverse.___
265,motaz_azaiza
266,jessicah_o
267,_chaechae_1
268,jakepaul
269,its_lucien
270,kaliuchis
271,littlebodybigheart
272,hegdepooja
273,jojotodynho
274,davidbeckham
275,loud_victor
276,realbarbarapalvin
277,madhuridixitnene
278,emmachamberlain
279,clean_0828
280,renebaebae
281,norafatehi
282,ciara
283,simonettalein
284,iamhalsey
285,eminem
286,madonna
287,do0_nct
288,juanpazurita
289,jailyneojeda
290,riaricis1795
291,mina_sr_my
292,camavinga
293,icespice
294,princessyahrini
295,hakkiakdenizz
296,kartikaaryan
297,taeoxo_nct
298,viavallen
299,kevinroldankr
300,frenkiedejong
301,fabriziorom
302,pesopluma
303,louispartridge_
304,bernardokath
305,juniorh
306,louist91
307,zachking
308,keniaos
309,mr_faisu_07
310,_seorina
311,xuminghao_o
312,nehasharmaofficial
313,marcusrashford
314,kingbach
315,kapilsharma
316,tohi
317,feid
318,hm_son7
319,bretmanrock
320,darshanravaldz
321,lilyrose_depp
322,anyataylorjoy
323,robertdowneyjr
324,khabib_nurmagomedov
325,d_degeaofficial
326,nickjonas
327,colorful
328,jbalvin
329,ksi
330,landonorris
331,duki
332,nina
333,prattprattpratt
334,abdevilliers17
335,danna
336,juliaanalvarez
337,ememyers
338,johnnyjsuh
339,jensenackles
340,yuyacst
341,jasonderulo
342,fcbayern
343,kit.connor
344,willsmith
345,lucasvazquez91
346,frenchmontana
347,romeosantos
348,antogriezmann
349,justintimberlake
350,natgeo
351,danialves
352,pascalispunk
353,ludmilla
354,manurios
355,mariliamendoncacantora
356,coldplay
357,natashawilona12
358,richforever
359,pledis_boos
360,kajalaggarwalofficial
361,dixiedamelio
362,philfoden
363,iammichelemorroneofficial
364,saythename_17
365,dahhyunnee
366,pugachevmark
367,nidhhiagerwal
368,mariabecerra
369,taylornation
370,latto777
371,luisasonza
372,janhvikapoor
373,saraalikhan95
374,nicollefigueroaa
375,kristenhanby
376,aishwaryaraibachchan_arb
377,avneetkaur_13
378,sureshraina3
379,metroboomin
380,peytonlist
381,vancityreynolds
382,alexandradaddario
383,offsetyrn
384,shahidkapoor
385,amandacerny
386,trentarnold66
387,chloegmoretz
388,skaijackson
389,gisele
390,melissamelmaia
391,charlieputh
392,alishalehmann7
393,joaofelix79
394,richarlison
395,snejanaonopka15
396,camimendes
397,jackgrealish
398,finnwolfhardofficial
399,quavohuncho
400,indiancricketteam
401,mterstegen1
402,parishilton
403,yerimua
404,yailinlamasviralreal
405,sommerray
406,hoooooyeony
407,vernonline
408,jscmila
409,bigsean
410,holyhaein
411,miketyson
412,tigerjackieshroff
413,prillylatuconsina96
414,voguemagazine
415,sanchooo10
416,carlossainz55
417,adamsandler
418,ssinz7
419,egupta
420,sam_sulek
421,alok
422,lestikejora
423,marvelstudios
424,dylansprouse
425,daviddobrik
426,hannahstocking
427,riyaz.14
428,surthycooks
429,yuu_taa_1026
430,davido
431,wi__wi__wi
432,thiagosilva
433,feat.dino
434,raffinagita1717
435,netflixbrasil
436,3gerardpique
437,gadiiing
438,ronaldinho
439,madisonbaileybabe
440,kashikakapoor09
441,anushkasen0408
442,shreyaghoshal
443,zara
444,kaka
445,angeliqueboyer
446,newjeans_official
447,bambam1a
448,tavicastro
449,larissamanoela
450,aerichandesu
451,wi__wi__wi
452,lizgillz
453,hazardeden_10
454,fifaworldcup
455,pharrell
456,keyshiakaoir
457,phil.coutinho
458,sunnyleone
459,arcangel
460,deiveleonardo
461,iamyanetgarcia
462,nickyjam
463,michelleobama
464,riteishd
465,amitabhbachchan
466,f1
467,sachintendulkar
468,chelseafc
469,paulwalker
470,jimmyfallon
471,adidasfootball
472,porsche
473,ozuna
474,pedri
475,sonu_sood
476,bambam1a
477,rampage_thedancer
478,ayutingting92
479,itsyoungmiko
480,jamorant
481,gadiiing
482,premierleague
483,joelocke03
484,kajalaggarwalofficial
485,hi_sseulgi
486,rodwave
487,obj
488,thibautcourtois
489,txt_bighit
490,azizi
491,manchesterunited
492,arigameplays
493,marvel
494,salmahayek
495,i_m_hendery
496,irinashayk
497,arishfakhan138
498,kyrieirving
499,nikkietutorials
500,marcinho11
501,teyanataylor
502,houseofhighlights
503,dntlrdl
504,davidalaba
505,k.kbeom
506,tenlee_1001
507,tyla
508,nadine
509,richthekid
510,gervontaa
511,jordialbaoficial
512,valentinazenere
513,catherinepaiz
514,conangray
515,jadepicon
516,lucianohuck
517,gioewbank
518,somsomi0309
519,jokowi
520,juliette
521,nct_dream
522,rakulpreet
523,hhh.e_c.v
524,anthonyjoshua
525,yuqisong.923
526,sergiroberto
527,angeliqueboyer
528,marktuan
529,polo.capalot
530,faz3
531,sidmalhotra
532,rudymancuso
533,virgilvandijk
534,nusr_et
535,thenewclassic
536,awez_darbar
537,victoriajustice
538,ilkayguendogan
539,wanda_nara
540,cazzu
541,eizagonzalez
542,wizkhalifa
543,lexibrookerivera
544,_mariahwasa
545,olamide
546,shoheiohtani
547,imouniroy
548,nct
549,bellapoarch
550,lizasoberano
551,o.dembele7
552,eizagonzalez
553,sonamkapoor
554,yerimiese
555,samyrivera
556,layzhang
557,lamborghini
558,cedricgrolet
559,demirose
560,troyesivan
561,itzy.all.in.us
562,moneybaggyo
563,francisngannou
564,sportscenter
565,lena
566,amberna_official
567,angeldimariajm
568,anastasiya_kvitko
569,josh_harmon_
570,nfl
571,viihtube
572,avrillavigne
573,emiliamernes
574,sav.labrant
575,bronny
576,bugatti
577,victoriajustice
578,ilkayguendogan
579,daniellachavezofficial
580,maddieziegler
581,lakers
582,nicolebahls
583,barackobama
584,treasure
585,morganwallen
586,djsnake
587,ppteamlesslie
588,joeyking
589,littlemix
590,hichasestokes
591,tbzuyeon
592,__youngbae__
593,overthinkingang
594,fiteevo
595,rafaelnadal
596,djxiao_888
597,urvashirautela
598,sebastianyatra
599,paollaoliveirareal
600,onaartist
601,brentrivera
602,suhanakhan2
603,juujuferrari
604,wesleysafadao
605,pastrychef_am
606,donatella_versace
607,dejesusoficial
608,dacremontgomery
609,kuz
610,lilyachty
611,jheneaiko
612,sofiacarson
613,anwar
614,chelseaislan
615,rosiehw
616,hero_ft
617,layzhang
618,hilaryduff
619,manuelneuer
620,perrieedwards
621,letthelordbewithyou
622,kajol
623,liverpoolfc
624,turkuazkitchen
625,ms_puiyi
626,officialslystallone
627,julesleblanc
628,morganwallen
629,9gag
630,nattinatasha
631,memesgra.m
632,madara_dusal
633,tylerrjoseph
634,illestofficial
635,schwarzenegger
636,joeyking
637,daniellabelle1
638,annemarie
639,therubirose
640,lacikaysomers
641,chieffkeeffsossa
642,davidgoggins
643,melissapmarizzle
644,nikefootball
645,theshilpashetty
646,leaelui
647,lukadoncic
648,candiceswanepoel
649,maxverstappen1
650,imbrittanya
651,hallebailey
652,hustlemantherapper
653,playmakerhoops
654,apple
655,straykids_official_jp
656,kevinhart4real
657,tatawerneck
658,marshmello
659,arthuraguiar
660,kun11xd
661,kingryan
662,natashagraziano
663,jamescharles
664,madara_dusal
665,jalvarezoficial
666,jaybnow.hr
667,ansufati
668,mirandacosgrove
669,jayshetty
670,reesewitherspoon
671,rosiehw
672,shaq
673,liverpoolfc
674,leaelui
675,eilirjani
676,klaythompson
677,ronaldo
678,lali
679,emi_martinez26
680,chrisean
681,strangehuman
682,mora
683,jaydacheaves
684,ferrari
685,hoskelsa
686,agnezmo
687,jhayco
688,travisbarker
689,kunaguero
690,_imyour_joy
691,gururandhawa
692,saweetie
693,greeicy
694,bighit_ent
695,violadavis
696,lilnasx
697,courteneycoxofficial
698,sofiavergara
699,ricky_martin
700,itsmeleighton
701,meekmill
702,mancity
703,jackharlow
704,marcosmion
705,noelgoescrazy
706,caradelevingne
707,jackblack
708,dearra
709,iamdesibanks
710,garciajoshuae
711,adrianalima
712,loudgg
713,alvaromorata
714,hermusicofficial
715,keyalves
716,eladiocarrion
717,liltjay
718,lance210
719,ananyapanday
720,adamweitsman
721,channingtatum
722,luansantana
723,hoodreels
724,carles5puyol
725,yugyeom
726,anllelasagra_
727,maitreyiramakrishnan
728,wayvofficial
729,angelicaksy
730,alexisren
731,boostsfeed
732,nachofdez90
733,beautiffulearth
734,jeremyallenwhitefinally
735,diddy
736,staskaranikolaou
737,alfinetei
738,randyorton
739,malutrevejo
740,iamjonathanpeter
741,nicholasgalitzine
742,jennmuriel
743,official_g_i_dle
744,alexis_officia1
745,nba
746,zachchoi
747,daquan
748,joshuadun
749,larray
750,annecurtissmith
751,leonardodicaprio
752,arthuraguiar
753,zachchoi
754,urassayas
755,psg
756,markhamill
757,shireensungkar
758,zuck
759,barbieferreira
760,joshuadun
761,nct_dream
762,official_g_i_dle
763,wetheurban
764,rosssmith
765,harrykane
766,pandorakaaki
767,tamannaahspeaks
768,sportscenter
769,nct
770,gabunion
771,bryanttmyers
772,nlechoppamusic
773,bridesdaydream
774,danielricciardo
775,vanessa.rhd
776,livvydunne
777,alexisren
778,warriors
779,malaikaaroraofficial
780,regina.daniels
781,noelgoescrazy
782,manjmusik
783,eduincaz
784,channingtatum
785,xaviiiofficiall
786,chaelincl
787,adamw
788,genevievennaji
789,marcelotinelli
790,rockstargames
791,emmaroberts
792,aslisona
793,fazerug
794,dele
795,kellyrowland
796,shaq
797,zoesugg
798,auba
799,imfaithxo
800,michaelclifford
801,ahmadchhadeh_
802,voguemagazine
803,dprian
804,redbull
805,valeyellow46
806,emmaroberts
807,skrillex
808,brunabiancardi
809,josephquinn
810,jaytatum0
811,felicyangelista_
812,realpz
813,_picolo
814,alghazali7
815,edwestwick
816,aslisona
817,brooklynpeltzbeckham
818,memezar
819,shireensungkar
820,nazormaya
821,vinniehacker
822,sterling7
823,xabialonso
824,richardorlinski
825,jordan_the_stallion8
826,martinlawrence
827,justsul
828,jill.hardener
829,sebastianrulli
830,gabunion
831,bumkeyk
832,t22felton
833,tiffanyyoungofficial
834,olgagrigoryanstyle
835,sexyyred
836,nessabarrett
837,lioncayden
838,memphisdepay
839,intermiamicf
840,joejonas
841,world_record_egg
842,giannis_an34
843,gabitoballesteros
844,marcoasensio10
845,twan
846,alexandracooper
847,lily.adrianne
848,golfarahani
849,inanna
850,esmuellert
851,rinanose16
852,golfarahani
853,cvillaloboss
854,t22felton
855,veradijkmans
856,ufc
857,nazormaya
858,amit_majithia
859,thiago6
860,espn
861,mclaren
862,brentfaiyaz
863,rogerfederer
864,onlyforluxury
865,drdre
866,natalee.007
867,brookemonk
868,officialmaxilopez
869,georgerussell63
870,justsul
871,spacex
872,laflare1017
873,islam_makhachev
874,jeremyrenner
875,leanbeefpatty
876,sarahhyland
877,apriljackson777
878,fortnite
879,jordan_the_stallion8
880,floydmayweather
881,thetravelershouse
882,toyajohnson
883,ivetesangalo
884,sebastianrulli
885,sexyyred
886,simaria
887,naileadevora
888,ivanaalawi
889,brunofernandes8
890,hunterschafer
891,mollymae
892,marqueshouston
893,timeinvestors
894,easportsfc
895,queennaija
896,beautifulsoulsinnyc
897,dbook
898,friends
899,reneerapp
900,sincerooficial
901,theshaderoom
902,scuderiaferrari
903,luisfonsi
904,dababy
905,kristenanniebell
906,50cent
907,claudiaalende
908,lilpump
909,tanamongeau
910,brentrivera
911,normani
912,tiny.pretty.j
913,julianapaes
914,charlizeafrica
915,ms.sethii
916,princeroyce
917,wednesdaynetflix
918,aespa_official
919,miniminter
920,fateenalbaddad
921,shai
922,sarashakeel
923,piyushnagar
924,sechmusic
925,martingarrix
926,annacathcart
927,clairo
928,wemby
929,buzova86
930,sarcasm_only
931,willevy
932,sondra_blust
933,massafera
934,lanacondor
935,simonemendes
936,jeffreydeanmorgan
937,c.syresmith
938,olivier_rousteing
939,friends
940,hennessycarolina
941,larrywheels
942,laurenjauregui
943,anahi
944,officiallymcconaughey
945,melissamccarthy
946,jesusortizpazfr
947,_sherlynchopra_
948,djokernole
949,elbisedunyamm
950,jesselingard
951,piawurtzbach
952,chloebailey
953,alexandramvp
954,iblamejordan
955,roberto_firmino
956,ab
957,koenigsegg
958,nikebasketball
959,cuadrado
960,fashioninmagazine
961,factsdailyy
962,milesmusickid
963,swaelee
964,prophetpassion
965,techineer
966,chrismcg
967,kanik4kapoor
968,pele
969,chandlerhallow
970,macklemore
971,ashanti
972,dylanminnette
973,aliciakeys
974,thecompletefacts
975,jeffhamilton
976,chinamcclain
977,txunamy
978,hoenest
979,imaginedragons
980,joeyb_9
981,sturniolo.triplets
982,lindsaylohan
983,jordi.koalitic
984,dulcemaria
985,amberheard
986,christophersturniolo
987,yg
988,mariahcarey
989,chloelukasiak
990,wanna
991,machinegunkelly
992,jquiles
993,pink
994,equipedefrance
995,anastasile
996,liltunechi
997,espn
998,ateez_official_
999,alix_earle
